Index,MagpieData maximum NsUnfilled,MagpieData range NsValence,MagpieData avg_dev NdValence,MagpieData avg_dev Electronegativity,MagpieData minimum NfValence,MagpieData minimum NdUnfilled,MagpieData avg_dev NfUnfilled,MagpieData avg_dev NUnfilled,MagpieData minimum GSmagmom,MagpieData maximum SpaceGroupNumber,compound possible,MagpieData minimum NValence,MagpieData mean Electronegativity,MagpieData mean GSbandgap,MagpieData mode NdValence,MagpieData minimum NpUnfilled,MagpieData minimum NsUnfilled,MagpieData mode GSbandgap,avg ionic char,MagpieData avg_dev Column,packing fraction,MagpieData minimum GSbandgap,MagpieData mean NfUnfilled,MagpieData mean MendeleevNumber,MagpieData avg_dev CovalentRadius,MagpieData minimum NpValence,MagpieData avg_dev NpValence,MagpieData mode NdUnfilled,MagpieData maximum NfUnfilled,MagpieData avg_dev SpaceGroupNumber,MagpieData avg_dev MeltingT,MagpieData mode SpaceGroupNumber,MagpieData minimum GSvolume_pa,MagpieData minimum NfUnfilled,MagpieData maximum NsValence,MagpieData mean GSvolume_pa,MagpieData minimum NdValence,MagpieData avg_dev GSbandgap,MagpieData mode NfValence,MagpieData mode NfUnfilled,MagpieData range Row,vpa,MagpieData minimum NsValence,MagpieData avg_dev NpUnfilled,MagpieData mode GSmagmom,MagpieData minimum NUnfilled,MagpieData maximum GSbandgap,MagpieData range NfUnfilled,MagpieData minimum Column,MagpieData range NsUnfilled,MagpieData mean NdUnfilled,polarization
0,1,1,0,0.30125,0,0,0,1,0,194,1,1,2.50125,6.373,0,0,0,7.853,0.027750005,7,0.000127938,2.202,0,87.125,24.875,0,1.5,0,0,27.125,818.453125,194,5.64,0,2,10.92804688,0,1.512,0,0,2,8000,1,1.5,0,1,7.853,0,1,1,0,3.2
1,1,1,0,0.223876338,0,0,0,1.286563615,0,194,1,1,2.380344828,6.491551724,0,0,0,7.853,0.018694291,6.249702735,0.000252563,0,0,86.82758621,20.5469679,0,1.070154578,0,0,12.11890606,1628.560595,194,5.64,0,2,6.679439655,0,1.690073722,0,0,1,2206.896552,1,1.755053508,0,1,7.853,0,1,1,0,0.5
2,1,1,0,0.393125,0,0,0,1,0,194,1,1,2.9575,3.0405,0,0,0,2.493,0.041937333,3.25,0.000270545,0,0,87.75,18.28125,0,1.53125,0,0,70.6875,1393.724375,64,5.64,0,2,13.6996875,0,1.930875,0,0,2,8000,1,1.125,0,1,7.853,0,1,1,0,0.2
3,1,1,0,0.218343195,0,0,0,1.408284024,0,194,1,1,2.483846154,5.441307692,0,0,0,4.496,0.023129513,6.272189349,0.000352791,0,0,83.53846154,20.71005917,0,1.065088757,0,0,25.84615385,1889.846746,194,5.64,0,2,6.281538462,0,1.855147929,0,0,1,2461.538462,1,1.822485207,0,1,7.853,0,1,1,0,0.0036
4,1,1,0,0.443598616,0,0,0,1.093425606,0,194,1,1,2.787058824,4.191882353,0,0,0,4.496,0.051491873,5.010380623,0.000245421,0,0,84.05882353,14.53287197,0,1.21799308,0,0,75.57093426,1727.20526,194,5.64,0,2,7.9625,0,2.465813149,0,0,1,3764.705882,1,1.314878893,0,1,7.853,0,1,1,0,0.24
5,1,1,0,0.214072022,0,0,0,1.360110803,0,194,1,1,2.393684211,6.223578947,0,0,0,7.853,0.015389201,6.573407202,0.000433327,0,0,85.97368421,22.65789474,0,1.13434903,0,0,15.25761773,1763.604044,194,5.64,0,2,7.040411184,0,1.812171745,0,0,2,1684.210526,1,1.832409972,0,1,7.853,0,1,1,0,0.006
6,1,1,0,0.713333333,0,0,0,1.333333333,0,194,1,1,2.91,4.773,0,0,0,1.97,0.108611962,6.444444444,6.33E-05,1.97,0,87.33333333,15.77777778,0,1.777777778,0,0,79.55555556,1684.108889,15,5.64,0,2,7.320833333,0,2.053333333,0,0,1,10666.66667,1,1.555555556,0,1,7.853,0,1,1,0,13
7,1,1,0,0.292098765,0,0,0,1.308641975,0,194,1,1,2.612777778,4.9255,0,0,0,4.496,0.03414967,5.462962963,0.000637711,0,0,83.5,18.08641975,0,1.049382716,0,0,45.74074074,1888.483333,194,5.64,0,2,7.850625,0,1.794333333,0,0,2,1777.777778,1,1.617283951,0,1,7.853,0,1,1,0,1.8
8,1,1,1.049382716,0.274814815,0,0,0,1.308641975,0,194,1,1,2.601666667,4.867944444,0,0,0,4.496,0.031944201,5.462962963,0.000705893,0,0,83.55555556,18.64197531,0,1.049382716,0,0,45.74074074,1883.25,194,5.64,0,2,8.127430556,0,1.832703704,0,0,3,1777.777778,1,1.617283951,0,1,7.853,0,1,1,0,0.8
9,1,1,2.448979592,0.382857143,0,0,0,1.224489796,0,194,1,1,2.77,3.200428571,0,0,0,4.496,0.043866326,3.469387755,0.000552479,0,0,84.71428571,18.32653061,0,1.387755102,0,0,80.65306122,1809.98449,194,5.64,0,2,12.10857143,0,2.439795918,0,0,4,4571.428571,1,1.346938776,0,1,7.853,0,1,1,0,4.2
10,1,1,0,0.304691358,0,0,0,1.296296296,0,194,1,1,2.542777778,5.238666667,0,0,0,7.853,0.040497075,6.716049383,0.000207738,0,0,85.33333333,20.74074074,0,1.283950617,0,0,50.55555556,1805.158272,194,5.64,0,2,6.650833333,0,2.323851852,0,0,1,3555.555556,1,1.679012346,0,1,7.853,0,1,1,0,0.006
11,1,1,0,0.768055556,0,0,0,1.333333333,0,194,1,1,3.058333333,4.28275,0,0,0,1.97,0.115092572,5.5,0.000133771,1.97,0,87.41666667,12.91666667,0,1.875,0,0,87.01388889,1681.915,15,5.64,0,2,7.578541667,0,1.927291667,0,0,1,5333.333333,1,1.5,0,1,7.853,0,1,1,0,8
12,1,1,0,0.24092038,0,0,0,1.243243243,0,194,1,1,2.393783784,6.392216216,0,0,0,7.853,0.030442421,6.283418554,0.000316712,0,0,87,20.32870709,0,1.108838568,0,0,18.61212564,1589.38542,194,5.64,0,2,6.680101351,0,1.818530314,0,0,1,1729.72973,1,1.713659606,0,1,7.853,0,1,1,0,5
13,1,1,0.384,0.375104,0,0,0,1.216,0,194,1,1,2.5376,5.36344,0,0,0,7.853,0.047853274,6.6752,0.000400496,0,0,85.28,23.424,0,1.4144,0,0,48.9216,1508.966592,194,5.64,0,2,7.7533,0,2.5617472,0,0,5,2560,1,1.5808,0,1,7.853,0,1,1,0.2,16
14,1,1,0,0.476026297,0,0,0,0.869247626,0,194,1,1,2.67027027,4.918648649,0,0,0,7.853,0.008953774,7.07815924,0.000412825,0,0,87.2972973,20.21621622,0,1.61431702,0,0,73.84075968,1026.874974,194,5.64,0,2,8.309138514,0,2.94265011,0,0,2,1729.72973,1,1.365960555,0,1,7.853,0,1,1,0,3.8
15,1,1,0,0.476711111,0,0,0,1.093333333,0,225,1,1,2.539333333,4.801933333,0,0,0,7.853,0.073342154,7.084444444,0.000632336,0,0,82.26666667,28.49777778,0,1.68,0,0,62.11555556,1209.105422,194,5.64,0,2,11.75691667,0,2.658862222,0,0,3,4266.666667,1,1.413333333,0,0,7.853,0,1,1,0,0.27
16,1,1,0,0.63984375,0,0,0,0.9375,0,229,1,1,2.586875,3.08725,0,0,0,0,0.113321186,6.65625,0.001257324,0,0,75.1875,28.203125,0,1.5,0,0,88.59375,1399.4925,12,5.64,0,2,12.875,0,3.08725,0,0,3,4000,1,1.3125,0,1,7.853,0,1,1,0,0.25
17,1,1,0.18175583,0.577160494,0,0,0,0.596707819,0,229,1,1,2.678888889,4.563537037,0,0,0,7.853,0.075416596,7.235253772,0.000641891,0,0,89.01851852,20.49382716,0,1.93484225,0,0,85.86145405,100.1746708,194,6.615,0,2,8.483009259,0,3.724346365,0,0,3,1185.185185,1,0.999314129,0,1,7.853,0,1,1,0.092592593,1
18,1,1,0.703125,0.561015625,0,0,0,0.46875,0,229,1,1,2.896875,2.6408125,0,0,0,0,0.073357859,5.8046875,0.000445656,0,0,86.0625,18.34375,0,1.6796875,0,0,82.609375,249.7491406,12,6.615,0,2,11.02328125,0,3.080617188,0,0,3,4000,1,0.8984375,0,1,7.853,0,1,1,0.25,1.3
19,1,1,0.3515625,0.575078125,0,0,0,0.71875,0,229,1,1,2.884375,2.6408125,0,0,0,0,0.077506089,6.0625,0.000427093,0,0,85.5,20.3125,0,1.6796875,0,0,82.609375,287.5303906,12,6.615,0,2,11.16578125,0,3.080617188,0,0,3,4000,1,0.8984375,0,1,7.853,0,1,1,0.4375,0.9
20,1,1,1.171875,0.56453125,0,0,0,0.5,0,194,1,1,2.89375,2.6408125,0,0,0,0,0.074373514,5.5,0.000509789,0,0,87.3125,19.28125,0,1.59375,0,0,75.578125,109.4659375,12,6.615,0,2,11.86890625,0,3.080617188,0,0,4,4000,1,0.875,0,1,7.853,0,1,1,0,1.2
21,1,1,0,0.576484375,0,0,0,0.5,0,225,1,1,2.883125,2.6408125,0,0,0,0,0.077930944,5.5,0.000393894,0,0,87.1875,17.4375,0,1.59375,0,0,82.296875,160.625,12,6.615,0,2,11.38265625,0,3.080617188,0,0,2,4000,1,0.875,0,1,7.853,0,1,1,0,1
22,1,1,0.498614958,0.618448753,0,0,0,0.753462604,0,229,1,1,2.833157895,2.385947368,0,0,0,0,0.093434687,5.318559557,0.001196104,0,0,80.42105263,25.81717452,0,1.51800554,0,0,87.85595568,545.7165651,12,5.64,0,2,14.35989035,0,2.801401662,0,0,3,3368.421053,1,0.886426593,0,1,7.853,0,1,1,0.263157895,0.2
23,1,1,0,0.33700831,0,0,0,1.146814404,0,194,1,1,2.553684211,5.638526316,0,0,0,7.853,0.016320886,6.880886427,0.000450933,0,0,86.23684211,21.41551247,0,1.396121884,0,0,45.82825485,1466.444044,194,5.64,0,2,8.048865132,0,2.266022161,0,0,2,1684.210526,1,1.595567867,0,1,7.853,0,1,1,0,0.35
24,1,1,0.249835634,0.562353715,0,0,0,0.710059172,0,229,1,1,2.724358974,4.347820513,0,0,0,7.853,0.011463337,7.238658777,0.000603194,0,0,87.74358974,21.56213018,0,1.873767258,0,0,85.29651545,305.6621696,194,5.64,0,2,9.211538462,0,3.564561473,0,0,3,1641.025641,1,1.124260355,0,1,7.853,0,1,1,0.128205128,0.37
25,1,1,0.499671269,0.559000657,0,0,0,0.686390533,0,194,1,1,2.728205128,4.347820513,0,0,0,7.853,0.010844635,7.266272189,0.000567393,0,0,88.38461538,21.15976331,0,1.847468771,0,0,84.64431295,219.2740697,194,5.64,0,2,9.408141026,0,3.564561473,0,0,3,1641.025641,1,1.183431953,0,1,7.853,0,1,1,0,0.36
26,1,1,0,0.5634714,0,0,0,0.686390533,0,225,1,1,2.723076923,4.347820513,0,0,0,7.853,0.011696027,7.266272189,0.000551431,0,0,88.35897436,21.13609467,0,1.847468771,0,0,85.21236029,248.293925,194,5.64,0,2,9.347179487,0,3.564561473,0,0,2,1641.025641,1,1.183431953,0,1,7.853,0,1,1,0,0.45
27,1,1,1.420118343,0.56034188,0,0,0,0.686390533,0,194,1,1,2.726666667,4.275871795,0,0,0,7.853,0.010738052,7.266272189,0.000635575,0,0,88.43589744,21.86982249,0,1.847468771,0,0,87.88428665,228.9976726,194,5.64,0,2,9.414967949,0,3.645734385,0,0,3,1641.025641,1,1.183431953,0,1,7.853,0,1,1,0,0.47
28,1,1,0.443786982,0.614822485,0,0,0,1.153846154,0,229,1,1,2.391153846,4.335230769,0,0,0,4.496,0.107052031,6.426035503,0.003258322,0,0,70.53846154,39.92307692,0,1.366863905,0,0,38.70710059,1350.357515,194,5.64,0,2,18.94669872,0,2.66783432,0,0,3,2461.538462,1,1.562130178,0,1,7.853,0,1,1,0.153846154,1.45
29,1,1,0.775086505,0.705467128,0,0,0,0.91349481,0,229,1,1,2.295294118,3.858705882,0,0,0,4.496,0.119053787,5.024221453,0.003173974,0,0,60.11764706,49.03806228,0,1.038062284,0,0,12.59515571,1684.284152,194,5.64,0,2,25.19936275,0,2.26982699,0,0,3,3764.705882,1,1.453287197,0,1,6.437,0,1,1,0.176470588,1.4
30,1,1,0.916666667,0.382638889,0,0,0,0.666666667,0,229,1,1,2.580833333,4.555416667,0,0,0,4.496,0.062293327,2.777777778,0.001042821,0,0,71.25,27.77777778,0,0.763888889,0,0,5.347222222,1814.101667,194,5.64,0,2,15.77003472,0,1.567986111,0,0,4,5333.333333,1,0.972222222,0,1,6.437,0,1,1,0.333333333,3.5
31,1,1,0,0.339614325,0,0,0,1.184573003,0,194,1,1,2.595151515,5.498060606,0,0,0,7.853,0.012883147,6.565656566,0.000449657,0,0,85.21212121,20.62809917,0,1.313131313,0,0,43.81267218,1594.564922,194,5.64,0,2,8.437746212,0,2.139933884,0,0,2,1939.393939,1,1.551882461,0,1,7.853,0,1,1,0,2.8
32,1,1,1.107266436,0.522145329,0,0,0,0.726643599,0,194,1,1,2.748823529,4.188176471,0,0,0,7.853,0.065097134,7.024221453,0.000254395,0,0,87.70588235,20.78200692,0,1.709342561,0,0,88.02768166,780.0841522,194,5.64,0,2,8.994338235,0,3.355086505,0,0,3,3764.705882,1,1.211072664,0,1,7.853,0,1,1,0,3.2
33,1,1,0,0.738044444,0,0,0,0.933333333,0,194,1,1,2.900666667,4.1716,0,0,0,7.853,0.116712476,7.066666667,0.000204752,0,0,87.26666667,16.4,0,1.955555556,0,0,86.4,969.7946667,194,5.64,0,2,8.27025,0,2.842826667,0,0,1,4266.666667,1,1.155555556,0,0,7.853,0,1,1,0,3.2
34,1,1,0,0.36125,0,0,0,1.13,0,194,1,1,2.5575,5.6942,0,0,0,7.853,0.044573077,6.9,0.000200833,0,0,86.5,20.5,0,1.4,0,0,46.41,1422.86,194,5.64,0,2,7.560125,0,2.30736,0,0,1,3200,1,1.6,0,1,7.853,0,1,1,0,1.5
35,1,1,1.326530612,0.532142857,0,0,0,0.816326531,0,225,1,1,2.793571429,3.805571429,0,0,0,0,0.067845083,5.673469388,0.000423706,0,0,84.71428571,18.73469388,0,1.571428571,0,0,85.15306122,982.8756122,12,5.64,0,2,9.22375,0,3.261918367,0,0,4,4571.428571,1,1.224489796,0,1,7.853,0,1,1,0,0.6
36,1,1,0.763888889,0.505972222,0,0,0,1.222222222,0,217,1,1,2.640833333,4.318916667,0,0,0,7.853,0.068371845,6.5,0.000405732,0,0,84.83333333,25.83333333,0,1.763888889,0,0,70.61111111,1121.79625,194,5.64,0,2,10.85011135,0,2.768097222,0,0,3,5333.333333,1,1.319444444,0,1,7.853,0,1,1,0.416666667,1.3
37,1,1,0,0.476711111,0,0,0,1.093333333,0,225,1,1,2.539333333,4.801933333,0,0,0,7.853,0.073342154,7.084444444,0.000632336,0,0,82.26666667,28.49777778,0,1.68,0,0,62.11555556,1209.105422,194,5.64,0,2,11.75691667,0,2.658862222,0,0,3,4266.666667,1,1.413333333,0,0,7.853,0,1,1,0,0.27
38,1,1,0,0.63984375,0,0,0,0.9375,0,229,1,1,2.586875,3.08725,0,0,0,0,0.113321186,6.65625,0.001257324,0,0,75.1875,28.203125,0,1.5,0,0,88.59375,1399.4925,12,5.64,0,2,12.875,0,3.08725,0,0,3,4000,1,1.3125,0,1,7.853,0,1,1,0,0.25
39,1,1,0,0.540253906,0,0,0,0.796875,0,229,1,1,2.6178125,4.68965625,0,0,0,7.853,0.018617956,7.171875,0.000647209,0,0,85.4375,22.03125,0,1.693359375,0,0,78.88671875,826.85875,194,5.64,0,2,8.233190104,0,3.272552734,0,0,2,2000,1,1.294921875,0,1,7.853,0,1,1,0,0.21
40,1,1,0,0.534442344,0,0,0,0.873345936,0,229,1,1,2.62173913,4.476130435,0,0,0,7.853,0.07894215,7.111531191,0.00041649,0,0,83.47826087,21.24763705,0,1.621928166,0,0,77.99243856,1082.745709,194,5.64,0,2,7.991612319,0,3.113829868,0,0,1,2782.608696,1,1.372400756,0,1,7.853,0,1,1,0,0.22
41,1,1,0,0.362485207,0,0,0,1.201183432,0,194,1,1,2.595384615,5.448538462,0,0,0,7.853,0.043861822,6.704142012,0.000301315,0,0,85.46153846,20.17751479,0,1.334319527,0,0,47.38461538,1615.421065,194,5.64,0,2,7.638894231,0,2.262650888,0,0,1,2461.538462,1,1.594674556,0,1,7.853,0,1,1,0,0.14
42,1,1,3.083900227,0.273741497,0,0,0,1.038548753,0,194,1,1,2.405714286,5.85847619,0,0,0,7.853,0.023187171,6.802721088,0.00063956,0,0,88.0952381,32,0,1.532879819,0,0,32.22675737,1156.065488,194,5.64,0,2,10.97077791,0,2.334553288,0,0,5,3047.619048,1,1.310657596,0,0,7.853,0,1,1,0,1
43,1,1,3.083900227,0.24031746,0,0,0,1.038548753,0,194,1,1,2.365238095,5.629333333,0,0,0,7.853,0.018957532,6.802721088,0.000687035,0,0,88.14285714,33.95918367,0,1.532879819,0,0,44.36281179,1151.453243,194,5.64,0,2,11.34227735,0,2.541333333,0,0,5,3047.619048,1,1.310657596,0,0,7.853,0,1,1,0,3
44,1,1,3.083900227,0.220680272,0,0,0,1.038548753,0,194,1,1,2.362857143,5.802047619,0,0,0,7.853,0.014911779,6.802721088,0.00087972,0,0,88.23809524,35.10204082,0,1.532879819,0,0,32.22675737,1149.477732,194,5.64,0,2,12.90434934,0,2.404417234,0,0,5,3047.619048,1,1.310657596,0,0,7.853,0,1,1,0,1.2
45,1,1,0,0.407377173,0,0,0,1.142857143,0,225,1,1,2.478253968,5.024095238,0,0,0,7.853,0.063145156,6.839002268,0.001891419,0,0,82.73015873,25.45729403,0,1.396825397,0,0,56.6893424,1520.880726,194,5.64,0,2,8.555555556,0,2.694195011,0,0,4,1015.873016,1,1.596371882,0,0,7.853,0,1,1,0,0.3
46,1,1,0,0.436666667,0,0,0,0.972222222,0,194,1,1,2.615,5.42,0,0,0,7.853,0.052293353,7.166666667,0.000162733,0,0,88,22.58333333,0,1.666666667,0,0,61.75,1050.046944,194,5.64,0,2,9.0371875,0,2.6025,0,0,2,5333.333333,1,1.388888889,0,1,7.853,0,1,1,0,0.1
47,1,1,0,0.460833333,0,0,0,0.972222222,0,194,1,1,2.695,4.973333333,0,0,0,7.853,0.053563395,7.083333333,0.00022716,0,0,88.16666667,23.75,0,1.763888889,0,0,69.33333333,1045.669444,194,5.64,0,2,10.52739583,0,2.643666667,0,0,2,5333.333333,1,1.319444444,0,1,7.853,0,1,1,0,0.18
48,1,1,0.553633218,0.431487889,0,0,0,1.259515571,0,194,1,1,2.626470588,4.472647059,0,0,0,7.853,0.056321304,6.3183391,0.000353936,0,0,83.58823529,21.79930796,0,1.404844291,0,0,65.49480969,1703.225882,194,5.64,0,2,7.866691176,0,2.630968858,0,0,5,3764.705882,1,1.501730104,0,1,7.853,0,1,1,0.294117647,0.04
49,1,1,0.221453287,0.81799308,0,0,0,1.065743945,0,194,1,1,2.875882353,5.148117647,0,0,0,7.853,0.133586981,7.557093426,0.000336944,0,0,88.35294118,21.03806228,0,2.242214533,0,0,81.75778547,231.7565398,194,6.615,0,2,9.641029412,0,2.849038062,0,0,4,3764.705882,1,0.747404844,0,1,7.853,0,1,1,0.470588235,0.45
50,1,1,2.489073881,0.259542144,0,0,0,1.190426639,0,229,1,1,2.392258065,5.970677419,0,0,0,7.853,0.021218728,6.593132154,0.000771286,0,0,87.48387097,30.41831426,0,1.463059313,0,0,29.51092612,1344.700437,194,5.64,0,2,9.740927419,0,2.216008325,0,0,3,2064.516129,1,1.417273673,0,1,7.853,0,1,1,0.129032258,0.9
51,1,1,0.78300708,0.391370262,0,0,0,0.893794252,0,194,1,1,2.529591837,5.842163265,0,0,0,7.853,0.010017954,7.341940858,0.00148482,0,0,89.65306122,31.18700541,0,1.862557268,0,0,53.79758434,691.8699125,194,5.64,0,2,12.43686224,0,2.25534444,0,0,5,1306.122449,1,1.153685964,0,1,7.853,0,1,1,0,1.2
52,1,1,0.498614958,0.457562327,0,0,0,1.213296399,0,217,1,1,2.624736842,4.779736842,0,0,0,7.853,0.059706472,6.592797784,0.00048581,0,0,85.10526316,23.85041551,0,1.595567867,0,0,63.15235457,1283.62964,194,5.64,0,2,9.747372958,0,2.613407202,0,0,3,3368.421053,1,1.451523546,0,1,7.853,0,1,1,0.263157895,1.3
53,1,1,2.1875,0.440859375,0,0,0,0.765625,0,194,1,1,2.808125,4.26175,0,0,0,7.853,0.05189766,6.328125,0.000402566,0,0,88.0625,21.7578125,0,1.671875,0,0,78.1875,444.83625,194,5.64,0,2,12.76175781,0,3.08953125,0,0,3,4000,1,1.1171875,0,1,7.853,0,1,1,0,1.3
54,1,1,0,0.387889273,0,0,0,1.169550173,0,194,1,1,2.620588235,5.313235294,0,0,0,7.853,0.046831299,6.685121107,0.00039553,0,0,85.52941176,19.8615917,0,1.356401384,0,0,52.89965398,1573.959516,194,5.64,0,2,7.726911765,0,2.355986159,0,0,1,1882.352941,1,1.55017301,0,1,7.853,0,1,1,0,1.72
55,1,1,0.867768595,0.312809917,0,0,0,1.148760331,0,194,1,1,2.425454545,5.937818182,0,0,0,7.853,0.03307982,6.842975207,0.000582569,0,0,87.40909091,29.30578512,0,1.504132231,0,0,30.61983471,1315.09938,194,5.64,0,2,9.788011364,0,2.134669421,0,0,4,2909.090909,1,1.446280992,0,0,7.853,0,1,1,0,1.75
56,1,1,3.898375677,0.340058309,0,0,0,0.893794252,0,194,1,1,2.484693878,5.609591837,0,0,0,7.853,0.008096825,7.341940858,0.001859823,0,0,89.87755102,35.47521866,0,1.862557268,0,0,53.79758434,685.82793,194,5.64,0,2,13.55538265,0,2.549618492,0,0,5,1306.122449,1,1.153685964,0,1,7.853,0,1,1,0,2
57,1,1,0,0.228076923,0,0,0,1.414201183,0,194,1,1,2.428076923,6.076230769,0,0,0,7.853,0.019556762,6.615384615,0.000292348,0,0,85.07692308,21.92307692,0,1.115384615,0,0,13.46153846,1856.494734,194,5.64,0,2,6.611875,0,1.80452071,0,0,1,2461.538462,1,1.884615385,0,1,7.853,0,1,1,0,2
58,1,1,0,0.369454221,0,0,0,1.205613722,0,194,0,1,2.521492537,5.781044776,0,0,0,7.853,0.052623971,6.824682557,0.000617642,0,0,87.13432836,20.06192916,0,1.39229227,0,0,45.80797505,1512.32605,194,5.64,0,2,6.890690299,0,2.308008911,0,0,1,955.2238806,1,1.634216975,0,1,7.853,0,1,1,0,3.27
59,1,1,1.107266436,0.405190311,0,0,0,1.128027682,0,194,1,1,2.671176471,4.535117647,0,0,0,7.853,0.050172186,6.435986159,0.0003725,0,0,86.05882353,21.30103806,0,1.411764706,0,0,71.25259516,1561.343945,194,5.64,0,2,9.534926471,0,2.565785467,0,0,4,3764.705882,1,1.432525952,0,1,7.853,0,1,1,0,1.2
60,1,1,0,0.275259504,0,0,0,1.266115702,0,194,1,1,2.444181818,6.167018182,0,0,0,7.853,0.028484603,6.620165289,0.000523811,0,0,86.45454545,21.00826446,0,1.209256198,0,0,24.54743802,1623.360516,194,5.64,0,2,6.939477273,0,1.930013884,0,0,1,1163.636364,1,1.74214876,0,1,7.853,0,1,1,0,0.38
61,1,1,0,0.33793718,0,0,0,1.117398084,0,194,0,1,2.505970149,5.677895522,0,0,0,7.853,0.041733417,6.824682557,0.000666721,0,0,87.10447761,20.95210515,0,1.3847182,0,0,48.65226108,1491.854596,194,5.64,0,2,7.113302239,0,2.425014034,0,0,2,955.2238806,1,1.595455558,0,1,7.853,0,1,1,0,0.47
62,1,1,0.498614958,0.348144044,0,0,0,1.24099723,0,217,1,1,2.441578947,5.604526316,0,0,0,7.853,0.04059261,6.8033241,0.000541417,0,0,87.15789474,31.68975069,0,1.706371191,0,0,43.72299169,1281.00554,194,5.64,0,2,10.37829401,0,2.366814404,0,0,3,3368.421053,1,1.24099723,0,1,7.853,0,1,1,0.263157895,1.2
63,1,1,0,0.383727811,0,0,0,1.076923077,0,194,1,1,2.573076923,5.555076923,0,0,0,7.853,0.046996934,7,0.000305937,0,0,87.07692308,21.57692308,0,1.5,0,0,53.30769231,1344.86929,194,5.64,0,2,8.088076923,0,2.43360355,0,0,2,2461.538462,1,1.538461538,0,1,7.853,0,1,1,0,3.3
64,1,1,0,0.497792,0,0,0,1.3312,0,194,1,1,2.6296,5.7396,0,0,0,7.853,0.076064018,6.9888,0.000255835,1.524,0,86.96,19.4688,0,1.5424,0,0,47.7568,1445.089472,194,5.64,0,2,7.5504,0,2.140448,0,0,1,2560,1,1.6768,0,1,7.853,0,1,1,0,3.5
65,1,1,0.173899661,0.256648199,0,0,0,1.406124962,0,194,0,1,2.476842105,5.668254386,0,0,0,7.853,0.027264553,6.594336719,0.001762082,0,0,84.75438596,22.59156664,0,1.200831025,0,0,26.63219452,1855.406944,194,5.64,0,2,7.218486842,0,1.970390582,0,0,4,561.4035088,1,1.817174515,0,0,7.853,0,1,1,0,3.6
66,1,1,3.106508876,0.261153846,0,0,0,1.224852071,0,225,1,1,2.435,5.737807692,0,0,0,7.853,0.021151358,7,0.000946855,0,0,88.19230769,32.34911243,0,1.532544379,0,0,34.21301775,1323.142012,194,5.64,0,2,11.04802885,0,2.331683432,0,0,5,2461.538462,1,1.556213018,0,1,7.853,0,1,1,0,3.78
67,1,1,0.086949831,0.25800554,0,0,0,1.409972299,0,217,1,1,2.475614035,5.668254386,0,0,0,7.853,0.027667679,6.581717452,0.001697949,0,0,84.59649123,22.55309326,0,1.200831025,0,0,26.66759003,1848.43338,194,5.64,0,2,7.13947444,0,1.970390582,0,0,3,561.4035088,1,1.817174515,0,1,7.853,0,1,1,0.043859649,4
68,1,1,0,0.285872576,0,0,0,1.335180055,0,194,1,1,2.591052632,5.079578947,0,0,0,4.496,0.034187601,5.88365651,0.000639756,0,0,83.94736842,19.47922438,0,1.130193906,0,0,43.78947368,1884.848809,194,5.64,0,2,7.785592105,0,1.894520776,0,0,2,1684.210526,1,1.667590028,0,1,7.853,0,1,1,0,4.19
69,1,1,0,0.500266667,0,0,0,0.808888889,0,194,1,1,2.786,4.894533333,0,0,0,7.853,0.060120529,6.986666667,0.000204506,0,0,87.8,20.05333333,0,1.724444444,0,0,76.26666667,469.8488,194,5.64,0,2,10.03691667,0,2.98376,0,0,2,4266.666667,1,1.235555556,0,1,7.853,0,1,1,0,4.6
70,1,1,0,0.673688889,0,0,0,1.155555556,0,194,1,1,2.855333333,5.355266667,0,0,0,7.853,0.10480156,6.986666667,0.000155427,1.524,0,87.93333333,17.17333333,0,1.875555556,0,0,69.01333333,704.4318222,194,5.64,0,2,9.042583333,0,2.43088,0,0,1,4266.666667,1,1.422222222,0,1,7.853,0,1,1,0,5.1
71,1,1,0,0.216666667,0,0,0,1.180555556,0,194,1,1,2.3625,6.731416667,0,0,0,7.853,0.016773586,6,0.000234482,2.493,0,87.91666667,21.16666667,0,1.111111111,0,0,10.38194444,1424.066458,194,5.64,0,2,7.45609375,0,1.495444444,0,0,2,2666.666667,1,1.569444444,0,1,7.853,0,1,1,0,5.8
72,1,1,0,0.452662722,0,0,0,0.99408284,0,194,1,1,2.865384615,4.031846154,0,0,0,0,0.052421028,5.076923077,0.000228363,0,0,85.61538462,15.12426036,0,1.420118343,0,0,81.23076923,1337.434438,12,5.64,0,2,9.786153846,0,2.717881657,0,0,2,4923.076923,1,1.171597633,0,1,7.853,0,1,1,0,6.2
73,1,1,0.831758034,0.290623819,0,0,0,1.376181474,0,225,1,1,2.515652174,5.496130435,0,0,0,7.853,0.029767111,6.880907372,0.000828849,0,0,86.86956522,28.50661626,0,1.474480151,0,0,37.82230624,1579.375728,194,5.64,0,2,10.71733696,0,2.131266541,0,0,5,2782.608696,1,1.716446125,0,1,7.853,0,1,1,0,7
74,1,1,1.8,0.239888889,0,0,0,1.2,0,194,1,1,2.411666667,6.249,0,0,0,7.853,0.017856088,6.837777778,0.000767236,1.062,0,87.9,28.67333333,0,1.435555556,0,0,23.4,1343.084244,194,5.64,0,2,10.842875,0,1.855466667,0,0,4,2133.333333,1,1.577777778,0,1,7.853,0,1,1,0,8.4
75,1,1,0.798611111,0.205555556,0,0,0,1.180555556,0,194,1,1,2.354166667,6.68825,0,0,0,7.853,0.01429224,6,0.000268573,1.457,0,87.95833333,22.16666667,0,1.111111111,0,0,10.38194444,1422.103958,194,5.64,0,2,7.663697917,0,1.553,0,0,3,2666.666667,1,1.569444444,0,1,7.853,0,1,1,0,8.5
76,1,1,0.9538,0.2558,0,0,0,1.1685,0,189.5554,1,1,2.3805,6.5734,0,0,0,7.6744,0.0243,6.6526,0.0004,1.5743,0,87.8482,24.2224,0,1.2679,0,0,18.9437,1332.8196,188.4862,5.64,0,2,8.5704,0,1.7757,0,0,2.8157,4298.7637,1,1.5628,0,1,7.853,0,1,1,0.0119,9.8613
77,1,1,-0.2009,0.5459,0,0,0,1.239,0,198.0921,1,1,2.8395,4.7704,0,0,0,4.074,0.0787,5.6752,0.0003,0.5242,0,86.7918,15.4338,0,1.5732,0,0,66.8264,1496.1304,91.9832,5.64,0,2,8.0414,0,2.1624,0,0,0.9523,2610.6792,1,1.5091,0,1,7.853,0,1,1,-0.0098,3.8877
78,1,1,0.4188,0.4464,0,0,0,1.3488,0,222.6438,1,1,2.6584,5.2512,0,0,0,7.4299,0.056,7.0978,0.0007,1.4508,0,87.1707,26.6533,0,1.7029,0,0,53.6967,1350.8115,179.3526,5.64,0,2,10.907,0,2.2416,0,0,4.7033,5004.333,1,1.613,0,1,7.853,0,1,1,0.0171,8.1851
79,1,1,0.0992,0.4873,0,0,0,1.0659,0,190.0273,1,1,2.8744,4.4187,0,0,0,-0.4051,0.061,5.0063,0.0002,0.6492,0,86.8327,13.6241,0,1.4444,0,0,73.5942,1465.5756,-11.2113,5.64,0,2,9.1972,0,2.2252,0,0,0.1515,5408.9182,1,1.2666,0,1,7.853,0,1,1,-0.0853,3.1042
80,1,1,0.699,0.1157,0,0,0,1.0374,0,191.9229,1,1,2.3268,6.1889,0,0,0,6.5046,-0.0019,6.2275,0.0004,0.004,0,86.5152,24.0245,0,1.0323,0,0,20.3961,1288.0564,181.0792,5.64,0,2,9.1776,0,2.2191,0,0,3.0665,2853.9673,1,1.4446,0,1,7.853,0,1,1,0.0211,7.8021
81,1,1,1.0062,0.1053,0,0,0,1.1977,0,194.5468,1,1,2.2342,6.4061,0,0,0,8.3026,-0.0033,6.9399,0.0007,0.5197,0,86.2461,29.5388,0,1.1321,0,0,13.8585,1613.8192,210.9408,5.64,0,2,9.1712,0,2.0885,0,0,4.7753,2874.5906,1,1.6511,0,1,7.853,0,1,1,0.1065,12.8929
82,1,1,-0.1131,0.3249,0,0,0,1.1868,0,190.6068,1,1,2.4514,6.5179,0,0,0,7.0614,0.0397,6.1105,0,2.0305,0,87.7576,18.2749,0,1.1761,0,0,22.1514,1407.834,169.0533,5.64,0,2,6.3722,0,1.6507,0,0,1.4419,4929.4135,1,1.5643,0,1,7.853,0,1,1,0.0096,8.6357
83,1,1,0.4944,0.2055,0,0,0,1.2385,0,194.862,1,1,2.309,7.06,0,0,0,8.9416,0.0186,6.4269,0.0003,1.802,0,88.3986,22.8446,0,1.1299,0,0,3.2527,1433.4479,217.4898,5.64,0,2,7.4446,0,1.3982,0,0,1.8156,2815.0218,1,1.6795,0,1,7.853,0,1,1,-0.0322,5.8953
84,1,1,0.8111,-0.1474,0,0,0,1.1255,0,210.8783,1,1,2.0518,6.8623,0,0,0,7.8848,-0.0511,6.2474,0.0007,-0.2521,0,86.6054,29.6074,0,0.6991,0,0,-10.758,1566.3434,221.5854,5.64,0,2,9.7264,0,1.8801,0,0,4.5109,2173.4544,1,1.5998,0,1,7.853,0,1,1,-0.0198,6.2033
85,1,1,0.9259,0.2811,0,0,0,1.2913,0,210.9226,1,1,2.5074,5.9793,0,0,0,5.8248,0.0259,6.3112,0.0006,1.3106,0,88.2615,24.7458,0,1.3683,0,0,28.0659,1540.5019,138.3572,5.64,0,2,10.1455,0,1.6205,0,0,2.6809,4288.0976,1,1.6184,0,1,7.853,0,1,1,-0.1011,4.0301
86,1,1,-0.075,0.8827,0,0,0,1.3805,0,190.1911,1,1,3.1142,4.4929,0,0,0,0.4771,0.1394,6.1362,0,2.7961,0,88.445,11.8363,0,2.0132,0,0,92.6056,1678.1976,-35.5448,5.64,0,2,7.3429,0,1.7603,0,0,-1.0919,10664.0012,1,1.5478,0,1,7.853,0,1,1,-0.0849,8.3598
87,1,1,0.1061,0.3527,0,0,0,1.2174,0,184.5099,1,1,2.4472,6.3357,0,0,0,7.7262,0.0459,6.343,0.0001,1.5694,0,86.8943,19.6228,0,1.2357,0,0,27.3243,1546.9659,180.4392,5.64,0,2,5.8224,0,1.8476,0,0,2.6161,4211.9776,1,1.6177,0,1,7.853,0,1,1,0.1126,13.7522
88,1,1,0.8752,0.326,0,0,0,1.3313,0,193.4214,1,1,2.3943,6.943,0,0,0,10.2053,0.044,7.0596,0.0005,1.569,0,88.6922,24.4267,0,1.4086,0,0,12.1982,1406.6422,239.0503,5.64,0,2,7.8861,0,1.4491,0,0,1.6987,2145.7052,1,1.7887,0,1,7.853,0,1,1,-0.0218,6.1652
89,1,1,0.2232,0.4965,0,0,0,1.3339,0,206.2324,1,1,2.6519,5.6069,0,0,0,9.0282,0.0736,7.016,0.0004,0.6745,0,87.1494,22.3549,0,1.6519,0,0,49.0175,1305.369,215.761,5.64,0,2,8.4932,0,2.187,0,0,2.9501,2570.5701,1,1.6847,0,1,7.853,0,1,1,0.0506,7.7824
90,1,1,0.0089,0.8397,0,0,0,1.1372,0,188.3284,1,1,3.2395,3.0544,0,0,0,-3.5276,0.1177,5.2667,0.0001,2.344,0,86.1691,12.1328,0,1.9868,0,0,121.9629,1573.748,-112.6831,5.64,0,2,9.5717,0,2.6105,0,0,1.8697,10624.6956,1,1.1513,0,1,7.853,0,1,1,0.0325,13.0973
91,1,1,0.0197,0.3161,0,0,0,1.1979,0,206.3291,1,1,2.6449,5.5535,0,0,0,3.0999,0.0278,4.7225,0.0002,2.1019,0,88.1565,16.4301,0,1.208,0,0,34.8253,1606.0699,72.1784,5.64,0,2,8.5707,0,1.4114,0,0,1.3486,2758.9703,1,1.4379,0,1,7.853,0,1,1,-0.1204,0.2944
92,1,1,-0.5905,0.9137,0,0,0,1.4162,0,203.6292,1,1,3.1845,3.5395,0,0,0,0.5335,0.1462,6.3321,0.0001,1.144,0,86.2055,12.8962,0,2.0493,0,0,113.8029,1792.7612,-26.1673,5.64,0,2,7.292,0,2.5102,0,0,1.216,10628.0694,1,1.5598,0,1,7.853,0,1,1,0.0431,13.2317
93,1,1,0.0363,0.4033,0,0,0,1.3022,0,203.5945,1,1,2.5812,5.4706,0,0,0,8.1588,0.0586,6.7889,0.0005,-0.4432,0,86.0848,22.088,0,1.4536,0,0,46.7947,1501.5541,199.9255,5.64,0,2,7.867,0,2.3669,0,0,2.9031,2058.4674,1,1.6983,0,1,7.853,0,1,1,0.0818,8.5743
94,1,1,0.6733,0.1517,0,0,0,1.1679,0,192.1379,1,1,2.313,6.2563,0,0,0,7.3207,0.0086,6.476,0.0005,-0.21,0,86.306,24.6673,0,1.0716,0,0,18.876,1576.9832,188.0584,5.64,0,2,8.0494,0,2.0935,0,0,3.1926,2652.8313,1,1.6203,0,1,7.853,0,1,1,0.0614,10.1801
95,1,1,1.0314,0.2178,0,0,0,1.219,0,191.9376,1,1,2.3793,6.5141,0,0,0,7.0348,0.0147,6.1341,0.0005,1.8435,0,88.0006,24.2163,0,1.2176,0,0,14.1748,1572.7664,167.1304,5.64,0,2,8.5858,0,1.4877,0,0,2.9375,2620.0355,1,1.6022,0,1,7.853,0,1,1,-0.0054,8.0421
96,1,1,1.2359,0.3568,0,0,0,1.2634,0,199.6037,1,1,2.537,5.4985,0,0,0,6.6804,0.04,6.8412,0.0006,0.6094,0,86.5782,26.7489,0,1.5161,0,0,44.7434,1549.7499,158.2156,5.64,0,2,9.7159,0,2.2269,0,0,5.007,4270.3208,1,1.5947,0,1,7.853,0,1,1,0.0905,14.0029
97,1,1,0.4037,0.3858,0,0,0,1.0414,0,195.0399,1,1,2.5825,6.1002,0,0,0,8.5005,0.0478,6.6015,0.0003,1.5334,0,88.1357,20.7066,0,1.4899,0,0,38.0352,662.8705,227.7512,5.64,0,2,9.9362,0,2.2028,0,0,1.8914,2490.6703,1,1.3563,0,1,7.853,0,1,1,-0.0331,3.0135
98,1,1,-0.3145,1.0438,0,0,0,1.4831,0,193.8347,1,1,3.2255,4.3823,0,0,0,2.2756,0.1731,6.663,0,2.9446,0,88.616,11.1144,0,2.2637,0,0,103.315,1589.5382,-0.0907,5.64,0,2,6.7588,0,1.8387,0,0,-1.1188,10694.0964,1,1.6452,0,1,7.853,0,1,1,-0.0523,9.3726
99,1,1,0.4533,0.06,0,0,0,1.1343,0,199.4747,1,1,2.2527,6.193,0,0,0,7.0045,-0.0104,6.2025,0.0005,-0.4649,0,85.7827,25.156,0,0.9097,0,0,14.7483,1607.0446,189.1814,5.64,0,2,8.1922,0,2.1889,0,0,4.0623,2649.6493,1,1.5753,0,1,7.853,0,1,1,0.0712,10.3633
100,1,1,-0.3155,0.4713,0,0,0,1.3132,0,196.91,1,1,2.64,5.8898,0,0,0,6.0944,0.0648,5.6901,0,2.366,0,87.7465,15.9434,0,1.371,0,0,38.1889,1654.1384,129.7562,5.64,0,2,5.9393,0,1.5182,0,0,1.6151,4163.9369,1,1.6225,0,1,7.853,0,1,1,0.0193,8.3999
101,1,1,-0.0714,0.7132,0,0,0,1.3196,0,214.0664,1,1,3.0275,3.9218,0,0,0,0.5318,0.1033,6.1918,0.0002,1.2169,0,86.7636,16.8538,0,1.8489,0,0,95.9993,1593.9926,-8.2853,5.64,0,2,9.4419,0,2.4261,0,0,2.3414,10667.8268,1,1.4473,0,1,7.853,0,1,1,-0.0353,10.3877
102,1,1,1.5118,0.2935,0,0,0,1.2466,0,201.2843,1,1,2.4747,5.6901,0,0,0,7.7688,0.0276,6.6399,0.0006,0.226,0,86.6016,27.345,0,1.4246,0,0,36.0478,1502.5587,190.2209,5.64,0,2,9.6259,0,2.1796,0,0,5.887,2531.0127,1,1.5892,0,1,7.853,0,1,1,0.1038,14.2951
103,1,1,-0.4111,0.3914,0,0,0,1.2824,0,200.2458,1,1,2.5574,5.7875,0,0,0,7.6248,0.0545,6.1459,0.0002,0.7184,0,86.5231,18.4571,0,1.2968,0,0,37.9407,1571.4388,182.2371,5.64,0,2,6.2844,0,2.0084,0,0,2.3896,2629.5754,1,1.6568,0,1,7.853,0,1,1,0.0765,8.9026
104,1,1,0.0713,0.2556,0,0,0,1.1872,0,188.7229,1,1,2.391,6.6816,0,0,0,7.5829,0.0259,5.7374,0.0001,1.9289,0,87.7371,18.5499,0,1.0714,0,0,12.5866,1507.7579,182.5419,5.64,0,2,6.0821,0,1.4811,0,0,1.8673,2620.9157,1,1.5838,0,1,7.853,0,1,1,0.0242,8.1512
105,1,1,0.7532,0.2432,0,0,0,1.2402,0,211.0908,1,1,2.4726,6.064,0,0,0,7.1269,0.0249,6.7507,0.0007,0.0771,0,88.0038,25.3557,0,1.354,0,0,26.939,1297.0087,184.5764,5.64,0,2,10.7284,0,1.9248,0,0,1.5802,2760.7994,1,1.6331,0,1,7.853,0,1,1,-0.1293,-0.3327
106,1,1,0.8496,0.2778,0,0,0,1.2631,0,199.1111,1,1,2.4619,6.095,0,0,0,6.9918,0.0299,6.2351,0.0005,0.425,0,87.4484,22.8521,0,1.2691,0,0,25.6539,1583.7162,167.7584,5.64,0,2,8.2621,0,1.7691,0,0,2.7733,2582.2918,1,1.6513,0,1,7.853,0,1,1,-0.0086,7.5658
107,1,1,0.12,0.9252,0,0,0,1.3898,0,193.3753,1,1,3.1403,4.1475,0,0,0,1.592,0.1495,6.5958,0,1.5151,0,87.4596,13.2971,0,2.1014,0,0,103.4539,1597.6565,-3.6266,5.64,0,2,7.3591,0,2.2392,0,0,0.4827,10681.2076,1,1.5632,0,1,7.853,0,1,1,-0.0022,12.9567
108,1,1,1.5199,0.2848,0,0,0,1.2824,0,198.9558,1,1,2.4457,5.9187,0,0,0,6.232,0.0281,6.7707,0.0006,0.4399,0,87.1489,26.9373,0,1.3724,0,0,31.8561,1672.9593,143.968,5.64,0,2,9.307,0,1.9423,0,0,4.3913,5335.7225,1,1.6506,0,1,7.853,0,1,1,0.0317,13.551
109,1,1,-0.3171,0.6508,0,0,0,1.135,0,187.7563,1,1,3.0041,4.2411,0,0,0,0.3207,0.0927,5.0216,0,1.3362,0,86.8897,10.6541,0,1.6263,0,0,84.7591,1471.6699,-5.2178,5.64,0,2,7.8619,0,2.1891,0,0,-0.0269,5348.25,1,1.3064,0,1,7.853,0,1,1,-0.033,5.0216
110,1,1,-0.2454,0.8699,0,0,0,1.1736,0,182.4533,1,1,3.2753,3.3182,0,0,0,-4.8224,0.1275,4.709,-0.0001,2.3386,0,87.1013,6.9993,0,1.8878,0,0,115.8661,1736.0029,-154.7342,5.64,0,2,7.928,0,2.1466,0,0,-0.921,10659.9526,1,1.2168,0,1,7.853,0,1,1,-0.0686,8.4713
111,1,1,0.0547,0.6883,0,0,0,1.1134,0,194.2373,1,1,2.8829,4.7927,0,0,0,7.2906,0.1014,7.1334,0.0002,1.8708,0,86.6481,19.8585,0,1.9595,0,0,82.9138,727.657,182.9103,5.64,0,2,9.8493,0,2.8642,0,0,3.572,5267.3825,1,1.3184,0,1,7.853,0,1,1,0.1271,11.9116
112,1,1,1.1161,0.2442,0,0,0,1.1893,0,195.1765,1,1,2.3932,6.3903,0,0,0,8.3223,0.0209,6.7594,0.0006,1.31,0,87.6798,26.3568,0,1.3409,0,0,21.1547,1306.4284,207.8643,5.64,0,2,9.6077,0,1.876,0,0,3.5727,2729.6507,1,1.5763,0,1,7.853,0,1,1,0.0194,8.6208
113,1,1,-0.014,0.5661,0,0,0,1.0585,0,189.2853,1,1,2.7513,5.5161,0,0,0,6.8854,0.0819,6.6535,0,1.7114,0,87.5052,17.0872,0,1.6532,0,0,61.1972,735.4007,176.8443,5.64,0,2,8.6794,0,2.4557,0,0,1.6271,5346.8296,1,1.3228,0,1,7.853,0,1,1,0.0289,7.9535
114,1,1,0.897,0.2799,0,0,0,0.9867,0,187.0874,1,1,2.5924,5.2568,0,0,0,3.4055,0.0179,5.2458,0.0003,1.1443,0,86.6239,20.0913,0,1.2562,0,0,45.741,1290.8401,95.8464,5.64,0,2,9.7472,0,2.1993,0,0,3.7174,2708.596,1,1.2312,0,1,7.853,0,1,1,0.0381,9.0792
115,1,1,0.4641,0.3745,0,0,0,1.2369,0,196.0627,1,1,2.5344,6.195,0,0,0,7.9101,0.0487,6.5198,0.0004,1.4251,0,88.0115,21.4641,0,1.4292,0,0,30.7901,1299.9077,190.8123,5.64,0,2,8.4065,0,1.7835,0,0,1.7738,2751.9293,1,1.6065,0,1,7.853,0,1,1,-0.0197,5.3718
116,1,1,0.6905,0.8452,0,0,0,1.3864,0,208.1149,1,1,3.1508,3.3384,0,0,0,0.1966,0.1239,6.5856,0.0004,1.4223,0,86.3447,19.8396,0,2.1782,0,0,114.8073,1730.4521,-30.7186,5.64,0,2,10.3741,0,2.6071,0,0,4.0627,10709.16,1,1.4689,0,1,7.853,0,1,1,0.0562,16.3141
117,1,1,0.4328,0.1811,0,0,0,1.2006,0,196.1092,1,1,2.3428,6.3268,0,0,0,7.372,0.0108,6.0388,0.0003,0.8582,0,86.7336,22.8923,0,1.0592,0,0,16.3466,1624.4775,183.4826,5.64,0,2,7.3625,0,1.8213,0,0,3.6226,2649.2835,1,1.6046,0,1,7.853,0,1,1,0.0653,10.632
118,1,1,0.1637,0.3678,0,0,0,1.2136,0,192.3276,1,1,2.5467,6.2139,0,0,0,5.8506,0.0462,5.938,0.0002,1.9078,0,88.1974,18.059,0,1.2933,0,0,29.2517,1451.9171,135.2491,5.64,0,2,7.3546,0,1.5585,0,0,0.7654,4338.9404,1,1.5621,0,1,7.853,0,1,1,-0.0541,5.1894
119,1,1,0.0364,0.259,0,0,0,1.1745,0,197.6606,1,1,2.4453,6.1689,0,0,0,7.1513,0.0269,5.9644,0.0002,0.8417,0,87.0563,19.9245,0,1.137,0,0,24.4954,1423.6473,181.2674,5.64,0,2,7.3486,0,1.8914,0,0,2.3217,2684.35,1,1.5548,0,1,7.853,0,1,1,0.0174,6.9233
120,1,1,1.6391,0.0932,0,0,0,1.2611,0,198.7181,1,1,2.2071,6.725,0,0,0,9.269,-0.007,6.9632,0.0008,0.781,0,87.2403,31.3245,0,1.18,0,0,4.4379,1620.1974,229.1758,5.64,0,2,9.6801,0,1.7573,0,0,5.2729,2083.7839,1,1.7126,0,1,7.853,0,1,1,0.0624,12.0713
121,1,1,0.1528,0.7926,0,0,0,1.2365,0,189.9727,1,1,2.9326,5.4405,0,0,0,7.9907,0.1286,7.4002,0.0002,2.2214,0,88.7546,17.093,0,2.0913,0,0,73.921,727.4706,183.2494,5.64,0,2,9.0232,0,2.2322,0,0,-0.0399,5316.2653,1,1.5046,0,1,7.853,0,1,1,-0.0299,4.6992
122,1,1,0.2213,0.2725,0,0,0,1.1365,0,190.579,1,1,2.4399,6.505,0,0,0,7.3437,0.0301,5.8564,0.0001,1.1565,0,87.8324,18.2397,0,1.1245,0,0,18.8795,1293.2839,184.8759,5.64,0,2,6.9576,0,1.6943,0,0,1.378,2630.9722,1,1.5249,0,1,7.853,0,1,1,-0.0211,5.7079
123,1,1,0.1515,0.6854,0,0,0,1.1122,0,193.4828,1,1,2.898,4.9714,0,0,0,6.5426,0.1049,6.7534,0.0001,0.9135,0,87.3246,16.2544,0,1.8487,0,0,78.0415,728.4198,164.0007,5.64,0,2,8.9449,0,2.6585,0,0,1.8,5267.4775,1,1.3433,0,1,7.853,0,1,1,0.0296,8.2694
124,1,1,-0.1725,0.6759,0,0,0,0.956,0,181.6855,1,1,3.0144,4.7461,0,0,0,2.4827,0.0959,5.3121,-0.0001,2.2989,0,88.2111,10.0799,0,1.7424,0,0,80.4585,694.4431,66.0842,5.64,0,2,9.3098,0,2.2624,0,0,-0.8424,4292.4045,1,1.1018,0,1,7.853,0,1,1,-0.0887,0.293
125,1,1,0.5612,0.3738,0,0,0,1.2671,0,201.6348,1,1,2.5555,5.7616,0,0,0,7.7346,0.0474,6.6027,0.0005,0.7407,0,87.1185,23.251,0,1.4655,0,0,39.0107,1417.1464,187.5001,5.64,0,2,8.8139,0,2.0508,0,0,3.2162,2554.4904,1,1.6223,0,1,7.853,0,1,1,0.036,8.1224
126,1,1,0.7217,0.3001,0,0,0,1.0924,0,212.4322,1,1,2.6937,4.4325,0,0,0,3.1293,0.0265,5.9463,0.0007,-1.1575,0,85.8492,23.4252,0,1.4239,0,0,64.0605,1293.0518,98.9992,5.64,0,2,12.0823,0,2.7511,0,0,3.6002,2763.7816,1,1.3453,0,1,7.853,0,1,1,-0.039,3.3247
127,1,1,0.3717,0.4324,0,0,0,1.36,0,206.5982,1,1,2.6188,5.4271,0,0,0,7.4518,0.0564,6.6648,0.0006,1.3003,0,86.8091,24.2795,0,1.5904,0,0,47.0564,1627.2536,170.9116,5.64,0,2,8.9461,0,2.0296,0,0,3.9067,2689.6925,1,1.6853,0,1,7.853,0,1,1,0.074,9.5094
128,1,1,1.0562,0.4524,0,0,0,1.1004,0,194.4021,1,1,2.8165,4.1274,0,0,0,2.355,0.0522,5.7936,0.0006,-0.3935,0,85.6487,21.4164,0,1.6195,0,0,78.0542,1424.3597,62.6998,5.64,0,2,10.9859,0,2.7222,0,0,3.9978,2826.9204,1,1.3161,0,1,7.853,0,1,1,0.0604,9.5296
129,1,1,1.2554,0.1467,0,0,0,1.2517,0,190.1227,1,1,2.2198,7.3047,0,0,0,9.8955,0.0085,6.656,0.0005,1.1517,0,88.3906,25.7331,0,1.107,0,0,-5.0599,1497.7103,239.8153,5.64,0,2,7.6579,0,1.3655,0,0,2.6723,1753.0516,1,1.74,0,1,7.853,0,1,1,-0.0073,8.2901
130,1,1,0.2908,0.8138,0,0,0,1.3147,0,196.3402,1,1,3.0621,4.0313,0,0,0,1.1283,0.1235,6.4776,0.0002,1.5809,0,86.8223,16.1782,0,1.9945,0,0,100.6541,1582.1978,-4.5156,5.64,0,2,8.5048,0,2.4217,0,0,2.1588,10651.4307,1,1.4635,0,1,7.853,0,1,1,0.0359,14.8598
131,1,1,1.2001,0.161,0,0,0,1.1117,0,189.9394,1,1,2.3392,6.3652,0,0,0,7.0061,0.001,6.1391,0.0005,1.554,0,87.2752,25.6461,0,1.1607,0,0,16.4572,1415.1497,178.47,5.64,0,2,9.2689,0,1.8234,0,0,4.3224,2612.0577,1,1.4761,0,1,7.853,0,1,1,0.0517,10.9058
132,1,1,0.6265,0.2403,0,0,0,1.2208,0,193.9392,1,1,2.4003,6.3805,0,0,0,6.2525,0.0216,5.9199,0.0002,1.1409,0,87.5162,21.018,0,1.106,0,0,18.2264,1647.9134,147.649,5.64,0,2,7.0838,0,1.6004,0,0,2.6563,4251.1442,1,1.6044,0,1,7.853,0,1,1,0.0044,10.0638
133,1,1,-0.0015,0.6717,0,0,0,1.2836,0,187.3156,1,1,2.8839,4.9698,0,0,0,0.8522,0.0995,5.9052,-0.0001,2.3634,0,87.7135,13.554,0,1.6437,0,0,72.4826,1739.0808,-13.5279,5.64,0,2,6.7305,0,1.8011,0,0,0.1555,10577.5738,1,1.5034,0,1,7.853,0,1,1,-0.0337,11.7636
134,1,1,0.3648,0.4848,0,0,0,1.2513,0,190.2326,1,1,2.6426,5.8631,0,0,0,6.0753,0.0643,6.1206,0.0002,2.6014,0,87.9071,18.851,0,1.5087,0,0,42.5518,1471.7981,131.441,5.64,0,2,7.4,0,1.6802,0,0,2.334,4897.3614,1,1.5436,0,1,7.853,0,1,1,0.0349,10.628
135,1,1,0.2015,0.1204,0,0,0,1.1417,0,207.6212,1,1,2.3321,6.5805,0,0,0,7.2718,-0.001,5.9715,0.0004,1.1074,0,87.8573,22.5809,0,1.0062,0,0,8.918,1298.075,194.9514,5.64,0,2,8.9255,0,1.6969,0,0,2.1727,2851.0005,1,1.527,0,1,7.853,0,1,1,-0.0838,2.0507
136,1,1,0.4936,0.2577,0,0,0,1.1906,0,193.6678,1,1,2.446,6.0338,0,0,0,4.8794,0.0219,5.8325,0.0002,1.4098,0,87.0808,20.9597,0,1.1338,0,0,27.1378,1683.1408,114.258,5.64,0,2,7.4968,0,1.7507,0,0,2.9782,5410.5794,1,1.5345,0,1,7.853,0,1,1,0.0238,11.3884
137,1,1,1.1251,0.1825,0,0,0,1.143,0,200.4043,1,1,2.3727,5.7735,0,0,0,8.1402,0.0101,6.9169,0.0007,-0.5711,0,85.8082,28.5599,0,1.2738,0,0,31.9664,1338.7942,217.2766,5.64,0,2,10.1556,0,2.5428,0,0,5.4256,2208.4335,1,1.54,0,1,7.853,0,1,1,0.1102,12.2521
138,1,1,0.6517,0.3973,0,0,0,1.2582,0,196.8037,1,1,2.5498,5.9232,0,0,0,8.5487,0.0511,6.676,0.0004,1.2756,0,87.31,23.3427,0,1.5114,0,0,37.2129,1348.9945,205.318,5.64,0,2,8.5859,0,1.9931,0,0,3.4789,2136.5724,1,1.6123,0,1,7.853,0,1,1,0.0665,9.5037
139,1,1,-0.3016,0.2284,0,0,0,1.186,0,193.346,1,1,2.3921,6.3112,0,0,0,7.444,0.0207,5.8662,0.0002,1.589,0,86.7404,20.1258,0,1.0736,0,0,19.0933,1571.9478,185.0179,5.64,0,2,6.6757,0,1.7805,0,0,2.4445,2052.3119,1,1.5842,0,1,7.853,0,1,1,0.0686,8.054
140,1,1,-0.1207,0.3433,0,0,0,1.2932,0,199.4323,1,1,2.4784,6.1147,0,0,0,8.8471,0.0496,6.6766,0.0003,0.109,0,86.7659,20.948,0,1.2996,0,0,30.1982,1498.3359,215.8851,5.64,0,2,6.8645,0,2.0298,0,0,1.8783,2100.3549,1,1.7334,0,1,7.853,0,1,1,0.0468,7.0934
141,1,1,-0.1214,0.4747,0,0,0,0.9243,0,182.2913,1,1,2.7567,5.4912,0,0,0,5.3433,0.0625,5.6015,0,1.544,0,87.77,13.5399,0,1.4641,0,0,55.0347,656.0686,150.3163,5.64,0,2,8.9262,0,2.2884,0,0,0.0392,2158.1579,1,1.1791,0,1,7.853,0,1,1,-0.0456,0.8146
142,1,1,0.9571,0.4323,0,0,0,1.3237,0,208.342,1,1,2.6206,5.3625,0,0,0,8.141,0.0557,6.9774,0.0007,0.5807,0,86.8208,26.2796,0,1.6643,0,0,50.0846,1420.1488,194.6663,5.64,0,2,9.9789,0,2.2591,0,0,4.8812,2638.3399,1,1.6411,0,1,7.853,0,1,1,0.0773,10.8079
143,1,1,0.2682,0.2944,0,0,0,1.1352,0,179.8818,1,1,2.4264,6.2669,0,0,0,6.3848,0.0323,5.9561,0.0001,1.4612,0,86.7463,19.0576,0,1.1286,0,0,26.0601,1546.991,152.5198,5.64,0,2,6.0936,0,1.8664,0,0,2.5945,4220.0017,1,1.5213,0,1,7.853,0,1,1,0.1021,13.642
144,1,1,-0.158,0.5804,0,0,0,1.2198,0,181.8558,1,1,2.7214,5.7207,0,0,0,6.2533,0.0888,6.2981,0,1.8233,0,87.5052,15.06,0,1.5593,0,0,52.9047,1343.7051,137.3383,5.64,0,2,6.1684,0,1.9436,0,0,0.5698,4852.1968,1,1.5486,0,1,7.853,0,1,1,0.0478,9.6185
145,1,1,1.5363,0.2677,0,0,0,1.0897,0,206.4299,1,1,2.485,6.0843,0,0,0,8.7245,0.0262,7.5065,0.0008,0.0685,0,88.2718,29.0027,0,1.5674,0,0,33.7778,675.6874,240.3289,5.64,0,2,13.1779,0,2.3852,0,0,2.8088,2791.5379,1,1.4515,0,1,7.853,0,1,1,-0.1093,0.9625
146,1,1,-0.1716,0.3085,0,0,0,1.183,0,206.1569,1,1,2.5443,6.1367,0,0,0,5.5802,0.0315,5.5956,0.0002,2.2137,0,88.374,18.0261,0,1.2109,0,0,26.6449,1327.9004,139.2251,5.64,0,2,8.2831,0,1.5464,0,0,1.1816,4226.2162,1,1.4811,0,1,7.853,0,1,1,-0.1049,1.6127
147,1,1,-0.1477,0.5224,0,0,0,1.3422,0,203.6207,1,1,2.7039,5.4353,0,0,0,6.2319,0.0736,6.4587,0.0003,2.1033,0,87.3291,20.0272,0,1.6099,0,0,52.6548,1562.4247,135.6726,5.64,0,2,7.9711,0,1.9031,0,0,2.3618,4941.1349,1,1.6333,0,1,7.853,0,1,1,0.0322,8.5483
148,1,1,-0.5439,0.6992,0,0,0,1.1576,0,200.2546,1,1,2.9189,4.8475,0,0,0,7.0138,0.1137,7.122,0.0002,0.2114,0,86.9764,15.9248,0,1.8723,0,0,82.0361,722.0141,179.8466,5.64,0,2,8.9937,0,2.8389,0,0,0.3592,4904.1697,1,1.4347,0,1,7.853,0,1,1,-0.004,3.642
149,1,1,0.5055,0.366,0,0,0,1.3359,0,212.226,1,1,2.571,5.4498,0,0,0,7.5888,0.0422,6.6776,0.0007,1.1306,0,86.7396,26.0689,0,1.535,0,0,43.2589,1571.0459,181.4335,5.64,0,2,9.7699,0,2.0918,0,0,4.6243,2576.3062,1,1.6546,0,1,7.853,0,1,1,0.0631,9.0167
150,1,1,-0.1188,0.5221,0,0,0,1.2448,0,218.2599,1,1,2.885,4.3954,0,0,0,4.0317,0.0688,5.6209,0.0004,0.48,0,86.8469,17.8396,0,1.6351,0,0,72.1886,1342.9013,101.063,5.64,0,2,10.0756,0,2.3175,0,0,2.5948,2631.8773,1,1.4359,0,1,7.853,0,1,1,-0.0475,1.8134
151,1,1,0.5071,0.6523,0,0,0,1.2759,0,204.2139,1,1,2.9959,4.0159,0,0,0,3.273,0.0906,5.6768,0.0005,0.7567,0,86.6143,17.878,0,1.8617,0,0,86.5914,1498.5489,66.3655,5.64,0,2,9.7918,0,2.3511,0,0,3.3225,2654.5832,1,1.4384,0,1,7.853,0,1,1,0.0349,7.5714
152,1,1,-0.4934,0.7072,0,0,0,1.2883,0,190.0439,1,1,2.9291,4.9606,0,0,0,0.7785,0.1073,5.7506,-0.0002,2.6359,0,87.9353,11.2062,0,1.6425,0,0,74.1461,1683.9261,-14.968,5.64,0,2,6.2857,0,1.7422,0,0,-0.7839,10622.7245,1,1.4971,0,1,7.853,0,1,1,-0.0639,9.1069
153,1,1,0.0858,0.4124,0,0,0,1.2968,0,185.1213,1,1,2.5139,6.3523,0,0,0,8.1156,0.0586,6.5679,0.0003,2.0707,0,87.6863,20.3205,0,1.4222,0,0,28.7916,1570.1555,182.5623,5.64,0,2,6.6836,0,1.6194,0,0,1.1343,2677.2643,1,1.7111,0,1,7.853,0,1,1,0.0478,8.0372
154,1,1,1.4552,0.1724,0,0,0,1.1997,0,195.5673,1,1,2.3381,6.2383,0,0,0,7.5581,0.0061,6.6825,0.0007,0.73,0,87.0592,28.5133,0,1.2608,0,0,19.658,1522.7164,188.7815,5.64,0,2,9.898,0,1.9422,0,0,4.6007,2672.39,1,1.5979,0,1,7.853,0,1,1,0.0493,11.0872
155,1,1,0.4329,0.5697,0,0,0,1.2229,0,196.9869,1,1,2.6695,6.2559,0,0,0,10.9962,0.0872,7.4915,0.0003,2.0573,0,88.8251,21.6209,0,1.8217,0,0,44.0822,676.484,270.4109,5.64,0,2,9.2957,0,2.0678,0,0,1.6591,2857.9427,1,1.5616,0,1,7.853,0,1,1,-0.0096,4.6176
156,1,1,0.3545,0.2426,0,0,0,1.0954,0,194.3125,1,1,2.4442,5.8494,0,0,0,7.0463,0.0185,6.2637,0.0004,1.1731,0,86.3457,23.5809,0,1.2416,0,0,32.7961,1296.934,185.8454,5.64,0,2,9.0219,0,2.252,0,0,4.0243,2657.1778,1,1.44,0,1,7.853,0,1,1,0.0928,10.1462
157,1,1,0.0012,0.4885,0,0,0,1.3237,0,204.634,1,1,2.6983,5.0243,0,0,0,5.9504,0.0719,6.6292,0.0004,-0.1657,0,86.0993,20.5814,0,1.5511,0,0,60.4296,1614.3022,137.5031,5.64,0,2,7.9921,0,2.3792,0,0,2.6381,4307.2966,1,1.6612,0,1,7.853,0,1,1,0.0608,9.6057
158,1,1,1.3472,0.1401,0,0,0,1.2281,0,207.5008,1,1,2.3869,6.0754,0,0,0,4.872,-0.0034,6.0977,0.0007,1.0289,0,87.8568,27.1117,0,1.1854,0,0,18.8562,1664.3536,120.6314,5.64,0,2,10.715,0,1.6229,0,0,3.526,4222.3527,1,1.5716,0,1,7.853,0,1,1,-0.0893,5.6544
159,1,1,-0.2339,0.5241,0,0,0,1.3534,0,198.0334,1,1,2.6897,5.5466,0,0,0,6.2865,0.0792,6.2468,0.0002,1.0897,0,87.1295,17.1394,0,1.4969,0,0,49.6373,1668.052,134.6614,5.64,0,2,6.3014,0,1.8659,0,0,1.418,4325.0071,1,1.6958,0,1,7.853,0,1,1,0.0338,8.7972
160,1,1,0.6774,0.1436,0,0,0,1.1759,0,196.8814,1,1,2.2934,6.5791,0,0,0,8.8848,0.0073,6.9656,0.0007,0.5515,0,87.2263,27.2569,0,1.1949,0,0,12.9047,1328.8483,231.1911,5.64,0,2,9.64,0,1.9843,0,0,2.5382,1749.2097,1,1.6389,0,1,7.853,0,1,1,-0.0017,4.897
161,1,1,1.0772,0.2581,0,0,0,1.3049,0,218.4925,1,1,2.504,5.6621,0,0,0,6.9748,0.0234,6.4937,0.0007,-0.1925,0,87.3476,26.5355,0,1.3779,0,0,32.9185,1507.1643,175.3084,5.64,0,2,10.5561,0,1.9957,0,0,4.0683,2575.6654,1,1.6479,0,1,7.853,0,1,1,-0.0525,5.1422
162,1,1,0.6782,0.3057,0,0,0,1.1791,0,189.9747,1,1,2.4343,6.4675,0,0,0,7.2254,0.0333,6.4678,0.0003,1.8983,0,87.8938,22.2148,0,1.286,0,0,23.2149,1352.149,173.9442,5.64,0,2,7.986,0,1.7336,0,0,2.5374,4856.5706,1,1.5487,0,1,7.853,0,1,1,0.013,10.0645
163,1,1,0.6826,0.2911,0,0,0,1.2618,0,207.2524,1,1,2.4765,5.882,0,0,0,8.0077,0.0308,6.6932,0.0006,0.6309,0,87.0212,25.5965,0,1.385,0,0,32.2526,1425.0665,199.6069,5.64,0,2,9.4627,0,2.068,0,0,3.9803,2692.9495,1,1.6249,0,1,7.853,0,1,1,0.0308,8.2212
164,1,1,0.5568,0.1899,0,0,0,1.216,0,194.8415,1,1,2.3202,6.5501,0,0,0,8.7374,0.0126,6.2159,0.0004,1.2119,0,87.0097,23.817,0,1.1084,0,0,12.0378,1552.3371,215.8684,5.64,0,2,7.3506,0,1.7463,0,0,3.9586,1759.65,1,1.6311,0,1,7.853,0,1,1,0.0844,11.0378
165,1,1,0.7254,0.2973,0,0,0,1.1805,0,183.2524,1,1,2.416,6.3783,0,0,0,8.3147,0.034,6.4514,0.0003,1.1752,0,87.1175,22.4323,0,1.2778,0,0,23.6678,1426.3768,201.5941,5.64,0,2,7.3596,0,1.884,0,0,2.9892,2151.0213,1,1.5929,0,1,7.853,0,1,1,0.0913,11.5332
166,1,1,0.364,0.3342,0,0,0,1.2748,0,195.275,1,1,2.4845,6.337,0,0,0,7.6344,0.0423,6.2957,0.0003,1.3809,0,87.9201,20.8983,0,1.314,0,0,23.9956,1514.4147,179.2304,5.64,0,2,7.506,0,1.6037,0,0,1.5939,2643.9017,1,1.6702,0,1,7.853,0,1,1,-0.0163,5.892
167,1,1,0.5884,0.4984,0,0,0,1.3316,0,190.5827,1,1,2.6617,5.7598,0,0,0,5.1728,0.0699,6.3984,0.0003,2.0009,0,88.0612,20.0558,0,1.5763,0,0,45.0205,1680.4911,101.3163,5.64,0,2,7.8338,0,1.6061,0,0,1.2484,5390.0564,1,1.6606,0,1,7.853,0,1,1,-0.0191,8.5784
168,1,1,0.0923,0.2435,0,0,0,1.2069,0,199.3714,1,1,2.3982,6.4458,0,0,0,8.4497,0.025,6.1484,0.0002,1.0439,0,87.3254,21.0431,0,1.1389,0,0,17.5124,1401.8293,212.3055,5.64,0,2,7.2532,0,1.7852,0,0,2.5726,2110.3105,1,1.6086,0,1,7.853,0,1,1,0.0222,6.9043
169,1,1,0.5225,0.1496,0,0,0,1.1913,0,189.0465,1,1,2.2781,6.7546,0,0,0,7.642,0.0064,6.0705,0.0003,1.2433,0,87.2496,22.7142,0,0.9988,0,0,6.3004,1637.5765,187.3338,5.64,0,2,6.9336,0,1.5914,0,0,2.7342,2638.7814,1,1.6332,0,1,7.853,0,1,1,0.0419,9.8024
170,1,1,-0.2679,0.2737,0,0,0,1.2269,0,204.1182,1,1,2.4355,6.1925,0,0,0,7.4673,0.0285,6.3218,0.0003,1.72,0,87.0589,21.7904,0,1.201,0,0,25.2894,1464.4956,185.6613,5.64,0,2,7.7187,0,1.8779,0,0,2.7876,4177.9278,1,1.5925,0,1,7.853,0,1,1,0.0313,7.8573
171,1,1,0.6178,0.6678,0,0,0,1.4424,0,201.797,1,1,2.8155,5.5993,0,0,0,6.8504,0.1014,6.8612,0.0004,2.594,0,88.9607,20.4005,0,1.9159,0,0,56.2947,1476.5996,135.0715,5.64,0,2,8.599,0,1.5636,0,0,1.4706,5236.7178,1,1.7192,0,1,7.853,0,1,1,-0.0463,6.8042
172,1,1,0.2646,0.2252,0,0,0,1.2635,0,200.8777,1,1,2.3732,6.4746,0,0,0,8.4216,0.0213,6.2672,0.0004,1.1363,0,87.3705,22.8716,0,1.1587,0,0,14.8854,1560.3618,206.3451,5.64,0,2,7.5424,0,1.6762,0,0,2.7904,2013.4218,1,1.6789,0,1,7.853,0,1,1,0.0203,7.0885
173,1,1,-0.2041,0.7633,0,0,0,1.3083,0,200.1543,1,1,3.0474,3.8124,0,0,0,0.041,0.1127,5.9959,0.0001,1.5284,0,86.1007,14.8764,0,1.842,0,0,100.8353,1768.3455,-29.1538,5.64,0,2,7.8778,0,2.4529,0,0,2.4712,10655.9396,1,1.4426,0,1,7.853,0,1,1,0.0604,15.2821
174,1,1,0.4057,0.9344,0,0,0,1.1641,0,186.1642,1,1,3.1656,4.3278,0,0,0,2.3608,0.1459,6.8859,0,2.5709,0,88.2923,14.1327,0,2.2364,0,0,106.3549,848.2998,35.8925,5.64,0,2,9.7352,0,2.5028,0,0,0.3623,10696.5878,1,1.2785,0,1,7.853,0,1,1,-0.0366,10.0572
175,1,1,1.1509,0.318,0,0,0,1.331,0,210.9694,1,1,2.5165,6.1452,0,0,0,6.7159,0.0343,6.7477,0.0007,1.5104,0,88.8306,26.224,0,1.4966,0,0,27.3209,1461.4484,156.8379,5.64,0,2,10.7163,0,1.5491,0,0,2.2892,4287.6678,1,1.6741,0,1,7.853,0,1,1,-0.1279,2.7745